entity_id	result_ut	valid	rejected	polled	electors	UPFA	NDF	SLLP	DUNF	UDF	JSP	Ind 1	LF	ONF	NSH	Ind 3	Ind 5	USP	Ind 2	SEP	JP	NA	Ind 4	UNAF	RPP	PNF	ACAKO
EC-01	1262324160	1161382	11394	1172776	1541242	614740	533022	1798	1606	1579	1540	1219	1052	680	629	600	548	544	437	338	176	169	154	144	143	136	128
EC-01A	1262319840	61715	1022	62737	95385	17605	42896	99	197	222	72	57	112	80	89	26	86	43	29	32	9	12	10	10	7	8	14
EC-01B	1262323380	96826	1320	98146	139822	21824	73152	170	259	387	96	67	113	134	105	49	81	86	73	32	23	45	30	29	25	23	23
EC-01C	1262315880	41132	543	41675	58757	16909	23636	109	67	65	34	47	46	34	29	28	28	23	16	11	7	7	7	7	8	6	8
EC-01D	1262317080	48295	699	48994	68643	19107	28334	207	81	74	43	30	109	38	30	31	66	44	19	25	14	13	4	14	3	4	5
EC-01E	1262315160	26030	444	26474	38921	6350	19211	33	45	43	20	18	104	18	19	29	63	10	12	21	1	5	5	8	5	5	5
EC-01F	1262316240	44383	465	44848	61194	19457	24441	63	52	33	34	39	73	18	22	25	43	14	19	12	6	8	7	5	2	5	5
EC-01G	1262317320	49316	512	49828	66622	26215	22589	71	46	44	59	45	55	24	22	22	17	22	24	17	7	10	7	7	3	6	4
EC-01H	1262322840	86486	893	87379	112363	46002	39497	178	135	120	106	96	43	63	47	28	15	39	36	17	10	15	7	7	14	7	4
EC-01I	1262318700	55825	557	56382	73009	29125	26129	136	55	46	45	56	51	31	19	33	10	24	16	9	8	4	2	6	4	10	6
EC-01J	1262324160	122276	850	123126	158736	76103	45082	124	127	105	179	132	47	40	45	75	20	45	41	26	17	8	18	11	13	11	7
EC-01K	1262322420	83732	689	84421	108138	53664	28875	94	151	129	215	148	68	43	42	52	42	56	37	30	12	9	13	10	17	16	9
EC-01L	1262324100	121279	770	122049	155720	80799	39414	115	143	84	217	131	52	42	39	52	23	37	33	24	18	10	13	7	11	7	8
EC-01M	1262323200	95255	768	96023	121247	59360	35162	107	65	51	103	109	49	23	30	40	17	29	23	26	13	4	9	12	6	10	7
EC-01N	1262324040	119006	803	119809	148696	77474	40474	134	106	83	189	134	47	50	53	70	16	33	33	34	19	7	10	7	13	11	9
EC-01O	1262322960	90752	745	91497	114601	52627	37233	157	69	86	125	108	67	42	37	38	19	35	23	21	8	12	11	4	11	7	12
EC-01P	1262314620	19074	314	19388	19388	12119	6897	1	8	7	3	2	16	0	1	2	2	4	3	1	4	0	1	0	1	0	2
EC-02	1262323800	1165648	8960	1174608	1505363	718716	434506	992	2059	1230	1979	1379	510	524	500	710	303	499	526	238	168	146	173	135	130	123	102
EC-02A	1262322120	79160	830	79990	103893	39316	38789	97	215	110	140	82	60	48	50	50	42	37	35	22	11	12	8	12	5	10	9
EC-02B	1262321340	69723	650	70373	96028	32125	36669	67	187	138	122	69	48	50	32	35	48	27	34	14	7	11	14	7	7	10	2
EC-02C	1262323620	99197	767	99964	127421	59558	38605	72	150	105	117	142	54	48	46	82	37	40	34	25	14	16	12	10	8	13	9
EC-02D	1262322060	77624	476	78100	99742	48149	28518	61	197	90	145	108	24	38	43	55	15	41	44	14	16	9	12	17	11	9	8
EC-02E	1262322660	85933	719	86652	114566	54697	30169	89	160	101	168	131	30	43	38	74	22	58	65	10	16	16	7	10	11	10	8
EC-02F	1262323140	94435	618	95053	120860	60318	33057	54	235	101	184	111	49	43	38	49	19	45	39	18	14	13	14	9	6	10	9
EC-02G	1262323080	92515	645	93160	120900	61337	30110	77	136	91	202	121	46	47	49	57	26	41	60	26	15	11	19	10	14	9	11
EC-02H	1262323800	104927	682	105609	133606	71811	32262	65	122	78	129	114	40	35	40	55	11	35	43	15	6	8	18	6	21	9	4
EC-02I	1262323320	97279	692	97971	127821	56726	39701	77	149	73	140	73	32	35	34	45	15	40	31	23	10	11	17	24	10	7	6
EC-02J	1262323740	104905	629	105534	134581	69085	34807	76	136	98	216	123	40	36	28	49	17	36	42	24	23	11	15	6	8	12	17
EC-02K	1262322240	81324	484	81808	104155	56758	23619	59	124	81	208	137	25	31	37	74	17	29	38	20	12	12	13	6	10	6	8
EC-02L	1262322480	84611	629	85240	107786	52066	31762	100	102	68	118	91	25	40	35	54	20	34	28	8	10	7	14	8	7	10	4
EC-02M	1262320020	63671	584	64255	83105	36242	26740	90	124	85	84	67	18	27	28	24	13	28	31	16	7	9	10	7	8	7	6
EC-02P	1262315400	30344	555	30899	30899	20528	9698	8	22	11	6	10	19	3	2	7	1	8	2	3	7	0	0	3	4	1	1
EC-03	1262323260	654249	4541	658790	833360	412562	231807	765	1242	1181	1683	1075	305	421	453	582	248	472	379	224	143	159	154	76	120	120	78
EC-03A	1262322360	82947	553	83500	105569	50772	31319	77	96	112	122	100	49	42	33	50	15	34	26	19	10	11	22	11	16	5	6
EC-03B	1262323260	95892	558	96450	118942	62363	32290	107	140	122	203	156	27	68	52	79	33	57	67	29	22	18	13	10	15	8	13
EC-03C	1262322780	86366	666	87032	108781	57292	27818	89	155	107	209	130	44	62	71	85	39	65	51	27	13	21	22	8	18	27	13
EC-03D	1262319240	58456	423	58879	74991	38018	19073	119	233	163	190	103	39	49	62	77	40	69	47	41	23	26	24	7	21	22	10
EC-03E	1262321820	75482	564	76046	99737	47988	26016	108	183	233	275	124	42	56	53	77	47	73	44	34	29	21	21	15	17	22	4
EC-03F	1262322300	82085	581	82666	106878	51330	29719	76	129	111	218	133	30	40	43	63	24	43	34	25	7	15	17	1	7	8	12
EC-03G	1262322180	80558	523	81081	104363	43787	35678	80	133	153	172	124	27	54	60	78	12	44	49	22	10	23	16	7	12	10	7
EC-03H	1262321700	72523	486	73009	93972	47317	23717	107	168	173	286	195	41	49	76	72	36	83	57	23	25	22	18	14	14	18	12
EC-03P	1262314800	19940	187	20127	20127	13695	6177	2	5	7	8	10	6	1	3	1	2	4	4	4	4	2	1	3	0	0	1
EC-04	1262323920	750786	8700	759486	1001074	406636	329492	1059	2810	1624	1950	1200	462	703	848	711	442	600	523	305	216	295	243	139	192	178	158
EC-04A	1262315820	38836	300	39136	52553	22703	15338	75	170	84	120	59	17	30	36	42	19	28	30	10	13	13	14	3	13	6	13
EC-04B	1262323920	109714	1161	110875	147475	56508	51406	107	277	240	249	148	59	91	124	112	34	84	63	47	14	33	29	18	27	22	22
EC-04C	1262319120	57703	838	58541	78688	28628	27692	108	238	162	167	97	33	68	84	66	50	71	52	36	27	29	24	15	19	17	20
EC-04D	1262315940	41613	397	42010	55629	27179	13220	89	265	97	183	132	30	51	58	68	30	44	51	19	15	18	17	13	11	17	6
EC-04E	1262315460	33876	509	34385	45144	19009	13957	45	183	105	119	75	27	47	62	45	21	35	37	22	14	12	18	8	14	9	12
EC-04F	1262320560	65060	656	65716	85857	36212	27852	73	209	113	119	79	40	49	62	50	29	39	26	26	9	12	16	10	12	15	8
EC-04G	1262316960	47721	674	48395	65176	24601	21791	119	295	136	202	94	38	71	56	62	41	52	35	8	21	31	26	8	12	17	5
EC-04H	1262318460	54356	534	54890	72906	28444	25243	50	105	71	83	65	35	27	41	28	28	29	27	17	5	10	16	4	3	6	19
EC-04I	1262315220	27277	268	27545	36938	11636	15358	16	47	20	24	31	28	14	20	11	16	4	9	8	4	7	4	1	5	9	5
EC-04J	1262319060	57881	506	58387	76996	33664	23290	74	177	94	135	77	41	26	43	37	31	40	38	20	22	17	23	11	9	6	6
EC-04K	1262319000	57454	631	58085	76812	29235	27123	76	216	114	146	82	36	56	57	54	39	45	44	16	17	30	15	12	20	10	11
EC-04L	1262320800	66657	857	67514	91146	33078	32090	104	273	171	184	129	38	83	99	60	49	61	57	30	18	46	18	10	25	20	14
EC-04M	1262319900	62320	1069	63389	85136	35555	25107	117	332	208	209	124	28	84	103	73	51	64	51	40	32	36	22	24	21	24	15
EC-04P	1262315340	30318	300	30618	30618	20184	10025	6	23	9	10	8	12	6	3	3	4	4	3	6	5	1	1	2	1	0	2
EC-05	1262322900	264419	2666	267085	355738	157953	100513	372	1105	623	841	635	157	249	299	340	192	300	174	103	89	117	92	48	86	74	57
EC-05A	1262322900	87949	778	88727	119453	58016	28171	96	360	158	267	250	43	51	75	107	41	85	62	29	27	27	23	11	20	20	10
EC-05B	1262317140	48798	361	49159	64696	31277	16300	90	213	100	188	136	31	46	72	70	44	59	32	21	20	28	20	6	15	15	15
EC-05C	1262318520	54347	650	54997	75154	26996	26013	83	289	159	174	100	34	60	61	75	48	57	39	25	17	29	25	8	16	23	16
EC-05D	1262319540	60388	760	61148	83381	32818	25991	97	232	203	210	139	43	91	88	87	57	97	40	27	25	32	24	22	34	16	15
EC-05P	1262314080	12937	117	13054	13054	8846	4038	6	11	3	2	10	6	1	3	1	2	2	1	1	0	1	0	1	1	0	1
EC-06	1262324220	346382	6462	352844	466440	151604	180604	932	4134	1729	1568	687	339	633	657	452	698	522	268	310	181	294	178	104	192	170	126
EC-06A	1262324220	184128	3693	187821	247069	62604	112866	529	2693	1158	747	340	204	404	441	279	447	320	113	219	99	199	114	62	108	109	73
EC-06B	1262317860	52570	1057	53627	70730	24120	26727	107	531	210	190	94	28	91	80	44	68	73	35	30	17	35	24	8	35	16	7
EC-06C	1262316840	47476	748	48224	65969	29164	16470	127	518	165	312	112	46	53	74	53	69	57	70	21	27	31	22	19	23	17	26
EC-06D	1262317980	52994	875	53869	73369	29618	21474	169	381	196	315	135	58	84	61	76	105	69	48	40	35	29	18	14	26	26	17
EC-06P	1262313540	9214	89	9303	9303	6098	3067	0	11	0	4	6	3	1	1	0	9	3	2	0	3	0	0	1	0	2	3
EC-07	1262321760	607621	3765	611386	785663	386971	211633	627	1256	804	1770	1080	239	336	397	549	168	384	435	157	115	126	124	89	120	140	101
EC-07A	1262315580	36401	241	36642	50109	23634	12198	32	71	44	134	59	19	29	27	39	10	23	26	24	8	4	4	6	2	3	5
EC-07B	1262317920	53334	320	53654	68780	33488	19191	37	79	50	150	93	17	27	27	30	4	27	31	19	5	19	7	9	6	11	7
EC-07C	1262317200	49024	308	49332	67025	34809	13420	57	91	67	198	118	20	27	28	46	9	18	44	3	11	10	13	5	14	9	7
EC-07D	1262320500	65320	382	65702	84772	44036	20219	78	141	83	242	123	26	30	33	81	23	46	57	12	20	12	11	9	16	7	15
EC-07E	1262321760	75453	457	75910	94245	47987	26061	111	227	114	231	186	37	35	76	68	30	58	57	11	20	21	21	19	28	37	18
EC-07F	1262321400	70302	489	70791	89805	44495	24446	83	168	138	262	135	42	54	63	83	38	69	60	22	21	21	27	12	14	33	16
EC-07G	1262318640	55672	336	56008	74442	37329	17617	44	125	58	155	105	11	26	30	43	9	30	23	20	6	8	8	6	9	8	2
EC-07H	1262318220	54038	312	54350	71575	25797	27625	37	75	73	94	64	20	30	35	44	17	34	30	10	5	7	12	2	10	6	11
EC-07I	1262320620	65526	371	65897	84872	40321	24345	79	114	82	145	91	21	41	32	66	10	39	48	19	7	9	6	11	12	12	16
EC-07J	1262319300	58923	329	59252	76190	39435	18606	66	150	91	153	93	15	33	43	46	18	36	55	13	9	15	12	8	8	14	4
EC-07P	1262315100	23628	220	23848	23848	15640	7905	3	15	4	6	13	11	4	3	3	0	4	4	4	3	0	3	2	1	0	0
EC-08	1262320860	451929	3025	454954	594628	296155	148510	597	1088	736	1381	829	199	283	313	329	154	345	284	112	125	82	81	56	107	97	66
EC-08A	1262320680	65613	624	66237	86311	42999	20939	139	250	142	332	205	46	69	81	60	38	95	47	20	28	21	15	13	38	21	15
EC-08B	1262320260	64522	452	64974	85686	45590	17626	99	220	97	300	154	33	43	45	53	26	49	58	21	30	14	13	8	15	16	12
EC-08C	1262320860	67519	449	67968	87510	44527	21926	95	144	112	185	130	25	39	45	54	28	54	33	15	20	14	15	11	19	15	13
EC-08D	1262319180	58365	364	58729	77705	40879	16561	93	170	85	149	108	33	21	31	52	17	42	38	17	15	8	12	8	12	10	4
EC-08E	1262318340	54372	308	54680	74601	36428	17219	62	116	84	145	74	14	33	33	35	12	23	35	8	11	5	6	8	7	9	5
EC-08F	1262319720	61642	367	62009	80334	33948	27102	43	87	61	95	59	15	38	38	23	11	26	25	18	4	10	8	3	10	11	7
EC-08G	1262320140	64254	333	64587	86711	41359	21978	64	91	150	172	95	25	37	39	51	20	50	47	12	11	10	11	4	6	13	9
EC-08P	1262314440	15642	128	15770	15770	10425	5159	2	10	5	3	4	8	3	1	1	2	6	1	1	6	0	1	1	0	2	1
EC-09	1262323980	337564	2218	339782	433991	226887	105336	444	947	409	957	716	130	236	217	260	136	209	160	67	102	81	87	34	59	56	34
EC-09A	1262321580	72050	529	72579	93685	48187	22537	110	238	112	215	181	31	60	72	55	32	50	30	21	22	20	25	13	15	19	5
EC-09B	1262318760	56862	324	57186	74470	38055	17965	66	131	87	133	93	24	46	34	56	25	46	26	10	15	14	8	3	8	10	7
EC-09C	1262322540	85119	511	85630	109409	60082	23729	114	238	64	263	215	35	47	48	55	32	47	41	15	21	10	26	9	11	7	10
EC-09D	1262323980	110834	748	111582	143622	71581	37426	149	334	145	339	220	37	83	60	94	47	66	62	20	42	37	28	8	24	20	12
EC-09P	1262313900	12699	106	12805	12805	8982	3679	5	6	1	7	7	3	0	3	0	0	0	1	1	2	0	0	1	1	0	0
EC-10	1262314980	178369	6763	185132	736032	44154	113877	645	3370	3325	1310	571	1128	696	732	683	3205	840	485	657	307	412	485	518	351	358	260
EC-10-D	1262313660	9786	361	10147	10147	2244	6927	21	233	41	28	16	20	32	35	11	65	18	12	16	6	18	10	12	4	10	7
EC-10A	1262313720	9983	338	10321	53111	4611	3976	43	283	144	136	60	56	30	32	38	284	42	36	94	16	18	15	33	12	15	9
EC-10B	1262314680	18684	752	19436	63991	4247	11712	75	326	486	164	63	139	106	71	85	500	110	62	127	46	63	75	71	70	51	35
EC-10C	1262314320	14440	493	14933	69082	4559	8216	59	254	283	169	51	88	56	59	70	207	68	43	32	28	35	49	35	19	37	23
EC-10D	1262314980	21594	881	22475	71114	5749	13390	85	391	447	189	66	173	101	106	105	231	122	48	62	41	45	56	63	35	51	38
EC-10E	1262314860	20508	625	21133	65798	4538	13151	100	528	471	160	83	151	98	112	93	306	146	72	68	53	67	84	64	64	65	34
EC-10F	1262314200	13355	600	13955	56426	2545	8974	50	301	314	97	47	78	61	68	71	334	68	41	58	21	38	43	57	38	31	20
EC-10G	1262313960	12388	440	12828	48613	2361	8585	24	223	227	73	39	100	43	44	34	326	47	27	43	20	24	35	41	30	20	22
EC-10H	1262314740	18590	860	19450	65141	4567	11599	80	323	493	141	59	121	55	94	82	348	113	85	92	36	47	71	67	41	45	31
EC-10I	1262314560	16391	557	16948	72558	3554	11543	54	196	231	73	31	89	52	50	52	173	68	31	25	20	36	27	37	16	13	20
EC-10J	1262313840	11960	454	12414	64714	3296	7914	31	107	139	50	27	41	30	29	31	126	18	19	20	7	8	10	23	12	11	11
EC-10K	1262313420	6280	286	6566	90811	991	4717	23	199	45	28	27	23	32	26	10	42	19	8	19	11	13	10	12	8	8	9
EC-10P	1262313300	4410	116	4526	4526	892	3173	0	6	4	2	2	49	0	6	1	263	1	1	1	2	0	0	3	2	1	1
EC-11	1262317260	105252	2428	107680	549344	28740	70367	227	2021	791	343	279	217	274	294	115	549	212	82	133	70	130	84	132	65	74	53
EC-11-D	1262314380	15059	335	15394	15394	4598	9687	32	286	67	50	48	17	46	40	8	55	21	11	16	9	28	10	6	8	13	3
EC-11A	1262315280	28717	455	29172	85322	6656	20157	44	923	242	73	65	42	71	74	28	105	49	16	45	13	22	13	35	17	10	17
EC-11B	1262317260	48163	1335	49498	112924	13742	31796	104	569	381	183	125	136	122	127	68	308	115	39	58	30	52	46	71	27	41	23
EC-11C	1262313600	9367	258	9625	68729	1726	6882	43	237	99	28	35	16	33	53	10	41	27	16	12	18	27	15	17	13	10	9
EC-11P	1262313240	3946	45	3991	266975	2018	1845	4	6	2	9	6	6	2	0	1	40	0	0	2	0	1	0	3	0	0	1
EC-12	1262323680	211891	4396	216287	667353	55663	146057	468	3016	1666	612	484	366	541	645	232	633	284	125	185	102	201	172	107	121	124	87
EC-12-D	1262313120	63	2	65	65	2	61	0	0	0	0	0	0	0	0	0	0	0	0	0	0	0	0	0	0	0	0
EC-12A	1262319360	58905	1281	60186	97135	20112	35608	148	1065	405	222	208	87	146	185	96	176	75	60	57	27	59	50	36	31	33	19
EC-12B	1262323680	101800	1885	103685	155537	28090	69975	179	927	679	239	188	153	231	253	81	254	107	39	74	39	72	61	36	53	32	38
EC-12C	1262316600	45904	1161	47065	80972	5968	36776	141	1016	578	150	86	111	161	206	55	154	100	26	54	36	70	57	35	36	58	30
EC-12P	1262313360	5219	67	5286	333644	1491	3637	0	8	4	1	2	15	3	1	0	49	2	0	0	0	0	4	0	1	1	0
EC-13	1262323860	306562	2912	309474	841672	146912	153105	404	1270	1101	641	683	115	447	308	240	369	223	135	84	70	94	139	45	58	71	48
EC-13-D	1262313060	2	0	2	2	0	2	0	0	0	0	0	0	0	0	0	0	0	0	0	0	0	0	0	0	0	0
EC-13A	1262323860	108026	608	108634	145479	73389	32895	137	256	80	291	367	21	108	74	93	40	65	44	26	23	32	22	11	20	19	13
EC-13B	1262317020	48262	556	48818	71442	19991	27003	71	236	300	110	105	18	84	58	46	59	49	29	17	14	17	11	11	9	14	10
EC-13C	1262316120	43486	544	44030	66135	9564	32946	62	181	284	39	27	26	81	39	28	45	41	19	7	15	10	39	6	8	8	11
EC-13D	1262323020	90796	1066	91862	137779	33979	54374	130	579	430	188	175	43	173	131	69	214	64	42	33	15	35	44	17	19	29	13
EC-13P	1262314500	15990	138	16128	420835	9989	5885	4	18	7	13	9	7	1	6	4	11	4	1	1	3	0	23	0	2	1	1
EC-14	1262318580	162072	2432	164504	482356	69752	87661	218	1115	765	311	346	125	240	252	147	302	247	105	80	42	82	76	55	58	48	45
EC-14-D	1262313180	87	3	90	90	1	85	0	1	0	0	0	0	0	0	0	0	0	0	0	0	0	0	0	0	0	0
EC-14A	1262316180	44269	563	44832	69047	27932	15260	66	262	121	100	133	29	42	63	51	32	54	14	19	10	21	13	9	19	13	6
EC-14B	1262317680	51698	1050	52748	86685	13935	35887	83	445	384	83	74	60	98	69	35	193	95	44	30	22	28	27	31	24	24	27
EC-14C	1262318580	55219	696	55915	85401	21002	32631	65	384	252	110	131	32	98	117	58	52	94	43	30	8	33	31	11	15	11	11
EC-14P	1262313780	10799	120	10919	241133	6882	3798	4	23	8	18	8	4	2	3	3	25	4	4	1	2	0	5	4	0	0	1
EC-15	1262321880	923893	6644	930537	1230966	582784	327594	922	3112	912	1943	1669	399	553	604	813	302	492	475	220	171	203	185	99	146	177	118
EC-15A	1262321280	69661	334	69995	96354	46752	21666	98	307	77	192	189	26	47	54	42	27	31	40	23	13	10	20	14	9	13	11
EC-15B	1262320200	64369	432	64801	87897	41510	21830	45	278	56	156	138	21	37	44	60	21	32	36	11	13	14	14	7	11	21	14
EC-15C	1262321880	76418	502	76920	105779	49854	25199	83	365	58	179	210	33	54	65	70	34	40	38	25	17	19	21	8	14	24	8
EC-15D	1262320740	65853	548	66401	92150	42240	22538	83	269	80	140	115	36	47	56	72	18	41	32	17	15	12	9	6	7	11	9
EC-15E	1262318100	53598	343	53941	71905	36497	16282	62	185	57	128	89	31	29	37	48	16	35	27	21	11	9	9	4	9	7	5
EC-15F	1262317800	53285	270	53555	70131	32854	19681	41	182	54	107	98	24	37	28	37	16	31	31	11	7	12	11	2	8	10	3
EC-15G	1262319780	62174	360	62534	82441	38036	23273	56	169	54	124	108	37	36	33	48	15	40	36	13	13	17	17	13	13	15	8
EC-15H	1262321100	69380	390	69770	89310	43052	25547	64	127	67	97	119	25	43	34	40	22	30	22	16	11	13	11	9	10	12	9
EC-15I	1262321460	70668	349	71017	94743	41881	27813	57	200	70	130	104	30	45	60	70	22	33	42	13	12	18	16	6	19	12	15
EC-15J	1262320980	68047	436	68483	89631	44172	23056	64	161	65	109	100	29	31	29	87	21	24	25	14	5	21	10	3	5	7	9
EC-15K	1262318400	54555	311	54866	73283	34501	19328	59	146	48	120	88	17	30	29	47	14	29	32	11	10	6	11	5	8	10	6
EC-15L	1262319600	60922	492	61414	81523	34912	25113	65	277	51	112	78	29	36	47	51	17	29	27	18	5	16	7	9	9	10	4
EC-15M	1262319660	61286	458	61744	82656	36237	23999	69	208	95	163	96	27	29	43	84	37	46	52	14	14	18	14	8	15	10	8
EC-15N	1262316780	47471	308	47779	65846	28907	17596	71	198	69	169	117	24	46	41	48	21	45	28	12	16	18	13	3	8	12	9
EC-15P	1262316660	46206	1111	47317	47317	31379	14673	5	40	11	17	20	10	6	4	9	1	6	7	1	9	0	2	2	1	3	0
EC-16	1262321940	344113	2886	346999	503106	201981	136233	380	1415	587	767	670	153	246	263	285	132	244	228	102	62	87	67	52	44	65	50
EC-16A	1262320440	64302	941	65243	102643	25751	36971	73	412	219	141	125	43	68	86	39	46	88	78	29	16	25	17	19	13	20	23
EC-16B	1262321520	70906	508	71414	101696	49895	19622	91	354	84	264	209	28	49	45	88	27	36	40	9	8	14	9	8	7	11	8
EC-16C	1262321940	76470	558	77028	108244	45617	29541	96	328	124	154	144	25	50	63	66	32	49	53	30	14	26	21	11	4	12	10
EC-16D	1262318880	57124	355	57479	83218	34799	21612	55	143	65	88	86	30	31	38	36	12	30	22	26	2	8	9	6	9	12	5
EC-16E	1262320920	67833	471	68304	99774	40931	26023	63	174	93	119	101	25	48	30	54	12	41	34	7	21	14	10	8	11	10	4
EC-16P	1262313480	7478	53	7531	7531	4988	2464	2	4	2	1	5	2	0	1	2	3	0	1	1	1	0	1	0	0	0	0
EC-17	1262322600	450038	3785	453823	616186	298448	143761	488	1921	477	1268	1115	183	295	325	417	146	237	254	110	102	82	87	51	101	93	77
EC-17A	1262317620	51982	293	52275	75683	35996	14971	83	236	54	171	148	16	38	49	56	19	31	21	16	12	5	12	6	14	16	12
EC-17B	1262317560	51687	356	52043	73590	33622	17054	53	311	70	137	151	28	42	51	37	20	22	20	8	9	8	8	4	19	6	7
EC-17C	1262320320	64582	517	65099	88157	41418	22270	60	241	40	154	109	29	38	39	35	19	32	27	8	10	6	16	3	9	8	11
EC-17D	1262320380	64575	583	65158	93534	41965	21288	68	262	85	255	202	36	52	49	63	24	41	57	23	21	21	10	12	15	16	10
EC-17E	1262322600	84999	650	85649	115275	57967	25591	96	295	85	238	222	34	51	61	91	19	42	57	22	26	16	22	10	18	13	23
EC-17F	1262316000	42429	358	42787	59137	27619	13928	57	206	66	147	112	10	40	29	65	22	25	27	13	3	10	11	6	10	16	7
EC-17G	1262318040	53491	396	53887	73885	34101	18431	61	227	64	134	141	19	31	41	60	21	37	33	19	16	15	8	3	13	9	7
EC-17P	1262315640	36293	632	36925	36925	25760	10228	10	143	13	32	30	11	3	6	10	2	7	12	1	5	1	0	7	3	9	0
EC-18	1262323500	223175	1472	224647	294583	144889	75026	219	619	236	477	507	71	172	201	195	54	115	73	54	32	62	45	30	29	38	31
EC-18A	1262318820	56990	350	57340	77084	39587	16517	70	167	55	163	139	21	39	40	49	13	30	23	16	10	14	11	6	4	8	8
EC-18B	1262318280	54302	281	54583	72402	34613	18979	49	93	57	89	130	9	45	61	57	9	24	16	8	3	18	12	8	8	7	7
EC-18C	1262323500	97768	710	98478	130851	60718	35473	99	320	118	219	228	39	85	98	88	29	61	29	29	17	30	22	13	17	21	15
EC-18P	1262314260	14115	131	14246	14246	9971	4057	1	39	6	6	10	2	3	2	1	3	0	5	1	2	0	0	3	0	2	1
EC-19	1262320080	446294	6083	452377	598190	237579	198835	733	1292	1212	1214	795	248	669	580	525	450	506	265	246	153	263	165	104	179	164	117
EC-19A	1262320080	63863	491	64354	85562	38486	24057	118	175	106	207	161	31	78	81	75	35	53	33	18	24	41	18	10	20	25	11
EC-19B	1262315520	34267	1068	35335	48231	20816	12529	79	107	98	152	76	18	61	55	53	42	46	17	21	19	20	14	16	15	8	5
EC-19C	1262316060	42531	716	43247	60002	18529	22601	102	177	231	130	75	46	109	90	52	68	71	30	25	20	47	31	15	34	29	19
EC-19D	1262315760	38392	441	38833	51468	19799	17917	60	69	75	72	45	14	57	45	47	42	31	19	23	11	17	13	5	14	10	7
EC-19E	1262316720	46906	665	47571	63124	23758	21946	76	144	151	161	85	39	71	63	67	73	66	33	39	17	32	21	15	18	17	14
EC-19F	1262316300	44459	425	44884	59472	24831	18696	68	131	88	121	90	16	67	42	61	37	60	22	23	13	25	18	4	14	19	13
EC-19G	1262317440	51232	509	51741	68937	27252	23092	57	110	82	99	85	21	64	42	60	36	53	44	20	13	22	17	14	16	16	17
EC-19H	1262318940	57311	735	58046	77312	29975	26085	83	182	157	178	100	23	74	71	73	61	60	27	34	20	23	13	13	20	21	18
EC-19I	1262316360	44159	831	44990	60706	19135	23856	82	154	218	83	66	34	86	87	35	53	63	32	39	12	35	19	12	28	19	11
EC-19P	1262315040	23174	202	23376	23376	14998	8056	8	43	6	11	12	6	2	4	2	3	3	8	4	4	1	1	0	0	0	2
EC-20	1262323440	229584	2272	231856	313554	158435	66803	364	684	342	874	604	119	171	191	186	107	158	109	63	56	73	68	40	52	53	32
EC-20A	1262317500	51357	544	51901	74692	34523	15649	104	192	104	252	153	34	47	48	51	23	37	23	27	16	14	12	11	10	15	12
EC-20B	1262321040	68096	743	68839	96386	46731	19990	108	193	121	261	191	32	70	74	57	47	47	28	19	14	30	23	12	23	14	11
EC-20C	1262323440	97414	790	98204	129564	68310	27369	148	290	114	355	248	49	54	69	76	37	72	56	17	26	29	30	16	18	24	7
EC-20P	1262314020	12717	195	12912	12912	8871	3795	4	9	3	6	12	4	0	0	2	0	2	2	0	0	0	3	1	1	0	2
EC-21	1262323560	592426	4430	596856	748404	377734	203566	905	1767	1126	1525	1383	291	589	552	534	278	528	300	216	160	231	176	132	143	150	140
EC-21A	1262321220	69575	416	69991	89518	46177	22277	87	158	105	224	135	36	58	38	63	27	47	40	15	13	13	9	10	14	12	17
EC-21B	1262322720	86356	575	86931	108122	55225	29891	100	133	126	171	193	31	67	56	76	36	58	39	29	17	28	28	13	9	17	13
EC-21C	1262319480	60319	617	60936	75685	34773	24283	94	191	167	151	120	25	87	74	42	43	65	24	34	14	41	23	9	25	18	16
EC-21D	1262322000	76490	589	77079	96855	46716	28201	108	255	142	200	170	48	87	105	83	45	81	46	30	27	36	24	17	18	26	25
EC-21E	1262321640	72344	562	72906	92891	43368	27302	131	375	191	162	167	37	95	104	73	45	66	40	26	20	39	18	12	29	25	19
EC-21F	1262321160	69292	574	69866	86973	45248	22431	118	257	173	220	169	40	67	67	82	44	85	41	40	27	39	30	45	22	18	29
EC-21G	1262316480	46476	278	46754	57232	31514	14009	94	141	104	141	144	18	50	37	40	8	57	25	13	10	15	14	9	11	15	7
EC-21H	1262323560	97932	708	98640	127375	65255	31029	169	248	116	256	280	52	77	69	73	26	67	43	27	31	20	30	17	14	19	14
EC-21P	1262314140	13642	111	13753	13753	9458	4143	4	9	2	0	5	4	1	2	2	4	2	2	2	1	0	0	0	1	0	0
EC-22	1262319960	479964	3604	483568	635342	296639	174877	661	1377	835	1312	821	247	395	424	476	246	391	309	191	128	134	99	70	122	111	99
EC-22A	1262319960	63738	383	64121	83554	39736	23097	71	128	70	174	102	25	35	44	62	22	42	39	15	8	16	10	13	10	10	9
EC-22B	1262316900	47946	330	48276	64565	30980	16077	86	136	86	146	85	25	36	43	45	30	34	41	20	14	10	13	7	17	6	9
EC-22C	1262317380	49674	372	50046	67118	33129	15791	62	127	69	116	84	18	34	28	49	20	26	38	24	8	12	7	6	8	12	6
EC-22D	1262316540	46517	346	46863	62325	29864	15967	49	131	54	99	74	16	40	38	51	15	23	17	27	6	12	6	6	8	8	6
EC-22E	1262319420	60327	434	60761	83066	32335	27039	86	133	91	134	90	34	55	70	47	17	55	34	16	5	20	11	7	19	11	18
EC-22F	1262315700	37543	268	37811	51391	23204	13469	60	177	75	113	95	32	47	39	40	19	39	35	18	19	17	9	6	7	11	12
EC-22G	1262317740	53090	431	53521	69964	31456	20346	99	217	153	161	113	30	68	82	58	58	65	31	32	21	18	23	8	23	18	10
EC-22H	1262318160	53764	458	54222	70448	33145	19819	50	140	92	163	59	11	21	23	49	28	47	20	16	16	9	9	5	18	11	13
EC-22I	1262316420	46145	398	46543	61507	28460	16461	94	164	140	202	107	50	55	56	72	36	56	49	21	30	19	10	11	12	24	16
EC-22P	1262314920	21220	184	21404	21404	14330	6811	4	24	5	4	12	6	4	1	3	1	4	5	2	1	1	1	1	0	0	0
LK-1	1262324160	2981279	24895	3006174	3879965	1746018	1199335	3555	4907	3990	5202	3673	1867	1625	1582	1892	1099	1515	1342	800	487	474	481	355	393	379	308
LK-2	1262324220	1361587	17828	1379415	1823252	716193	610609	2363	8049	3976	4359	2522	958	1585	1804	1503	1332	1422	965	718	486	706	513	291	470	422	341
LK-3	1262323980	1397114	9008	1406122	1814282	910013	465479	1668	3291	1949	4108	2625	568	855	927	1138	458	938	879	336	342	289	292	179	286	293	201
LK-4	1262317260	283621	9191	292812	1285376	72894	184244	872	5391	4116	1653	850	1345	970	1026	798	3754	1052	567	790	377	542	569	650	416	432	313
LK-5	1262323860	680525	9740	690265	1991381	272327	386823	1090	5401	3532	1564	1513	606	1228	1205	619	1304	754	365	349	214	377	387	207	237	243	180
LK-6	1262321940	1268006	9530	1277536	1734072	784765	463827	1302	4527	1499	2710	2339	552	799	867	1098	434	736	703	322	233	290	252	151	190	242	168
LK-7	1262323500	673213	5257	678470	910769	443337	218787	707	2540	713	1745	1622	254	467	526	612	200	352	327	164	134	144	132	81	130	131	108
LK-8	1262323440	675878	8355	684233	911744	396014	265638	1097	1976	1554	2088	1399	367	840	771	711	557	664	374	309	209	336	233	144	231	217	149
LK-9	1262323560	1072390	8034	1080424	1383746	674373	378443	1566	3144	1961	2837	2204	538	984	976	1010	524	919	609	407	288	365	275	202	265	261	239
